{
  "minFitness": 7.197298000000001,
  "maxFitness": 135.42355,
  "averageFitness": 35.87235370057138,
  "medianFitness": 27.896666,
  "filename": "nonUniform_25_10_100.json",
  "fittestIndividual": {
    "id": 70,
    "fitness": 7.197298000000001,
    "genotype": [6,8,7,4,4,5,5,6,27,24,2,5,0.25,0.05,0.07,0.02,0.07,0.0001,0.12,0.35,0.08,0.5,0.000001,2,0.6531324131185059,0.0625,2,5,0.5]
  }
}