{
  "minFitness": 7.25418,
  "maxFitness": 144.59657,
  "averageFitness": 34.30896405104765,
  "medianFitness": 26.488679,
  "filename": "nonUniform_25_10_100_local.json",
  "fittestIndividual": {
    "id": 4,
    "fitness": 7.25418,
    "genotype": [6,8,5,5,3,5,3,5,27,21,3,6,0.25,0.05,0.07,0.005,0.07,0.0001,0.08,0.25,0.08,0.5,0.000001,2,0.000001,0.0625,2,5,0.75]
  }
}