{
  "minFitness": 23.82932333333333,
  "maxFitness": 214.71463333333335,
  "averageFitness": 69.0471642818479,
  "medianFitness": 50.89476166666667,
  "filename": "nonUniform_50_3_100_local.json",
  "fittestIndividual": {
    "id": 17,
    "fitness": 23.82932333333333,
    "genotype": [6,9,4,8,4,7,3,4,34,25,2,3,0.25,0.05,0.11,0.005,0.13,0.0001,0.08,0.35,0.08,0.5,0.01,2,0.000001,0.0625,1,4,0.6720972284531594]
  }
}