{
  "minFitness": 7.142660000000001,
  "maxFitness": 99.27798100000001,
  "averageFitness": 19.283725942307704,
  "medianFitness": 18.8576475,
  "filename": "polynomial_25_10_100.json",
  "fittestIndividual": {
    "id": 76,
    "fitness": 7.142660000000001,
    "genotype": [6,7,3,3,3,9,3,7,25,17,2,1,0.25,0.05,0.07,0.005,0.07,0.0001,0.08,0.25,0.08,0.5,0.000001,2,0.000001,0.000001,1,2,0.5]
  }
}