{
  "minFitness": 8.09653,
  "maxFitness": 92.67227400000002,
  "averageFitness": 26.740148797307707,
  "medianFitness": 25.072488999999997,
  "filename": "uniform_25_10_100.json",
  "fittestIndividual": {
    "id": 41,
    "fitness": 8.09653,
    "genotype": [7,9,5,4,3,5,5,5,26,19,5,4,0.35627084374583506,0.08048126035139212,0.08938774082206377,0.011928923598874402,0.10709628294256282,0.000512320011656245,0.11528851738910807,0.32521876035541286,0.09983572244565354,0.6856252596247367,0.0009262707984144449,4,0.7206024003738447,0.017098240116739626,2,5,0.697163182706016]
  }
}